,RF,SVM,KNN
1,0.75,0.875,0.875
2,0.8333333333333334,0.9166666666666666,1.0
3,1.0,1.0,0.9375
4,0.8,0.95,0.7
5,0.9583333333333334,0.8333333333333334,0.9166666666666666
6,0.8620689655172413,0.7931034482758621,0.8620689655172413
7,0.9090909090909091,0.9090909090909091,0.9696969696969697
8,0.8648648648648649,0.8918918918918919,0.972972972972973
9,0.926829268292683,0.9512195121951219,0.9024390243902439
