,RF,SVM,KNN
1,0.9411764705882353,1.0,1.0
2,0.6,0.68,0.8
3,0.8484848484848485,0.7272727272727273,0.8787878787878788
4,0.6585365853658537,0.7317073170731707,0.8048780487804879
5,0.7346938775510204,0.673469387755102,0.7755102040816326
6,0.8275862068965517,0.8103448275862069,0.8103448275862069
7,0.7727272727272727,0.8181818181818182,0.8939393939393939
8,0.7972972972972973,0.8108108108108109,0.8918918918918919
9,0.8333333333333334,0.9285714285714286,0.7619047619047619
