,RF,SVM,KNN
1,0.6666666666666666,0.7777777777777778,0.6666666666666666
2,0.9230769230769231,0.9230769230769231,0.9230769230769231
3,0.7647058823529411,0.8823529411764706,0.8235294117647058
4,0.8095238095238095,0.7619047619047619,0.6190476190476191
5,0.76,0.88,0.68
6,0.8620689655172413,0.896551724137931,0.7931034482758621
7,0.7272727272727273,0.8787878787878788,0.7575757575757576
8,0.8157894736842105,1.0,0.7631578947368421
9,0.8095238095238095,0.9285714285714286,0.7619047619047619
